data,denominazione_regione,colore
2020-11-06,Abruzzo,giallo
2020-11-07,Abruzzo,giallo
2020-11-08,Abruzzo,giallo
2020-11-09,Abruzzo,giallo
2020-11-10,Abruzzo,arancione
2020-11-11,Abruzzo,arancione
2020-11-12,Abruzzo,arancione
2020-11-13,Abruzzo,arancione
2020-11-14,Abruzzo,arancione
2020-11-15,Abruzzo,arancione
2020-11-16,Abruzzo,arancione
2020-11-17,Abruzzo,arancione
2020-11-18,Abruzzo,arancione
2020-11-19,Abruzzo,arancione
2020-11-20,Abruzzo,arancione
2020-11-21,Abruzzo,arancione
2020-11-22,Abruzzo,rosso
2020-11-23,Abruzzo,rosso
2020-11-24,Abruzzo,rosso
2020-11-25,Abruzzo,rosso
2020-11-26,Abruzzo,rosso
2020-11-27,Abruzzo,rosso
2020-11-28,Abruzzo,rosso
2020-11-29,Abruzzo,rosso
2020-11-30,Abruzzo,rosso
2020-12-01,Abruzzo,rosso
2020-12-02,Abruzzo,rosso
2020-12-03,Abruzzo,rosso
2020-12-04,Abruzzo,rosso
2020-12-05,Abruzzo,rosso
2020-12-06,Abruzzo,rosso
2020-12-07,Abruzzo,rosso
2020-12-08,Abruzzo,rosso
2020-12-09,Abruzzo,rosso
2020-12-10,Abruzzo,rosso
2020-12-11,Abruzzo,rosso
2020-12-12,Abruzzo,rosso
2020-12-13,Abruzzo,arancione
2020-12-14,Abruzzo,arancione
2020-12-15,Abruzzo,arancione
2020-12-16,Abruzzo,arancione
2020-12-17,Abruzzo,arancione
2020-12-18,Abruzzo,arancione
2020-12-19,Abruzzo,arancione
2020-12-20,Abruzzo,arancione
2020-12-21,Abruzzo,arancione
2020-12-22,Abruzzo,arancione
2020-12-23,Abruzzo,arancione
2020-12-24,Abruzzo,rosso
2020-12-25,Abruzzo,rosso
2020-12-26,Abruzzo,rosso
2020-12-27,Abruzzo,rosso
2020-12-28,Abruzzo,arancione
2020-12-29,Abruzzo,arancione
2020-12-30,Abruzzo,arancione
2020-12-31,Abruzzo,rosso
2021-01-01,Abruzzo,rosso
2021-01-02,Abruzzo,rosso
2021-01-03,Abruzzo,rosso
2021-01-04,Abruzzo,arancione
2021-01-05,Abruzzo,rosso
2021-01-06,Abruzzo,rosso
2021-01-07,Abruzzo,giallo
2021-01-08,Abruzzo,giallo
2021-01-09,Abruzzo,arancione
2021-01-10,Abruzzo,arancione
2021-01-11,Abruzzo,giallo
2021-01-12,Abruzzo,giallo
2021-01-13,Abruzzo,giallo
2021-01-14,Abruzzo,giallo
2021-01-15,Abruzzo,giallo
2021-01-16,Abruzzo,giallo
2021-01-17,Abruzzo,arancione
2021-01-18,Abruzzo,arancione
2021-01-19,Abruzzo,arancione
2021-01-20,Abruzzo,arancione
2021-01-21,Abruzzo,arancione
2021-01-22,Abruzzo,arancione
2021-01-23,Abruzzo,arancione
2021-01-24,Abruzzo,arancione
2021-01-25,Abruzzo,arancione
2021-01-26,Abruzzo,arancione
2021-01-27,Abruzzo,arancione
2021-01-28,Abruzzo,arancione
2021-01-29,Abruzzo,arancione
2021-01-30,Abruzzo,arancione
2021-01-31,Abruzzo,arancione
2021-02-01,Abruzzo,giallo
2021-02-02,Abruzzo,giallo
2021-02-03,Abruzzo,giallo
2021-02-04,Abruzzo,giallo
2021-02-05,Abruzzo,giallo
2021-02-06,Abruzzo,giallo
2021-02-07,Abruzzo,giallo
2021-02-08,Abruzzo,giallo
2020-11-06,Basilicata,giallo
2020-11-07,Basilicata,giallo
2020-11-08,Basilicata,giallo
2020-11-09,Basilicata,giallo
2020-11-10,Basilicata,arancione
2020-11-11,Basilicata,arancione
2020-11-12,Basilicata,arancione
2020-11-13,Basilicata,arancione
2020-11-14,Basilicata,arancione
2020-11-15,Basilicata,arancione
2020-11-16,Basilicata,arancione
2020-11-17,Basilicata,arancione
2020-11-18,Basilicata,arancione
2020-11-19,Basilicata,arancione
2020-11-20,Basilicata,arancione
2020-11-21,Basilicata,arancione
2020-11-22,Basilicata,arancione
2020-11-23,Basilicata,arancione
2020-11-24,Basilicata,arancione
2020-11-25,Basilicata,arancione
2020-11-26,Basilicata,arancione
2020-11-27,Basilicata,arancione
2020-11-28,Basilicata,arancione
2020-11-29,Basilicata,arancione
2020-11-30,Basilicata,arancione
2020-12-01,Basilicata,arancione
2020-12-02,Basilicata,arancione
2020-12-03,Basilicata,arancione
2020-12-04,Basilicata,arancione
2020-12-05,Basilicata,arancione
2020-12-06,Basilicata,arancione
2020-12-07,Basilicata,arancione
2020-12-08,Basilicata,arancione
2020-12-09,Basilicata,arancione
2020-12-10,Basilicata,arancione
2020-12-11,Basilicata,arancione
2020-12-12,Basilicata,arancione
2020-12-13,Basilicata,giallo
2020-12-14,Basilicata,giallo
2020-12-15,Basilicata,giallo
2020-12-16,Basilicata,giallo
2020-12-17,Basilicata,giallo
2020-12-18,Basilicata,giallo
2020-12-19,Basilicata,giallo
2020-12-20,Basilicata,giallo
2020-12-21,Basilicata,giallo
2020-12-22,Basilicata,giallo
2020-12-23,Basilicata,giallo
2020-12-24,Basilicata,rosso
2020-12-25,Basilicata,rosso
2020-12-26,Basilicata,rosso
2020-12-27,Basilicata,rosso
2020-12-28,Basilicata,arancione
2020-12-29,Basilicata,arancione
2020-12-30,Basilicata,arancione
2020-12-31,Basilicata,rosso
2021-01-01,Basilicata,rosso
2021-01-02,Basilicata,rosso
2021-01-03,Basilicata,rosso
2021-01-04,Basilicata,arancione
2021-01-05,Basilicata,rosso
2021-01-06,Basilicata,rosso
2021-01-07,Basilicata,giallo
2021-01-08,Basilicata,giallo
2021-01-09,Basilicata,arancione
2021-01-10,Basilicata,arancione
2021-01-11,Basilicata,giallo
2021-01-12,Basilicata,giallo
2021-01-13,Basilicata,giallo
2021-01-14,Basilicata,giallo
2021-01-15,Basilicata,giallo
2021-01-16,Basilicata,giallo
2021-01-17,Basilicata,giallo
2021-01-18,Basilicata,giallo
2021-01-19,Basilicata,giallo
2021-01-20,Basilicata,giallo
2021-01-21,Basilicata,giallo
2021-01-22,Basilicata,giallo
2021-01-23,Basilicata,giallo
2021-01-24,Basilicata,giallo
2021-01-25,Basilicata,giallo
2021-01-26,Basilicata,giallo
2021-01-27,Basilicata,giallo
2021-01-28,Basilicata,giallo
2021-01-29,Basilicata,giallo
2021-01-30,Basilicata,giallo
2021-01-31,Basilicata,giallo
2021-02-01,Basilicata,giallo
2021-02-02,Basilicata,giallo
2021-02-03,Basilicata,giallo
2021-02-04,Basilicata,giallo
2021-02-05,Basilicata,giallo
2021-02-06,Basilicata,giallo
2021-02-07,Basilicata,giallo
2021-02-08,Basilicata,giallo
2020-11-06,Calabria,giallo
2020-11-07,Calabria,giallo
2020-11-08,Calabria,giallo
2020-11-09,Calabria,giallo
2020-11-10,Calabria,giallo
2020-11-11,Calabria,giallo
2020-11-12,Calabria,giallo
2020-11-13,Calabria,giallo
2020-11-14,Calabria,giallo
2020-11-15,Calabria,giallo
2020-11-16,Calabria,giallo
2020-11-17,Calabria,giallo
2020-11-18,Calabria,giallo
2020-11-19,Calabria,giallo
2020-11-20,Calabria,rosso
2020-11-21,Calabria,rosso
2020-11-22,Calabria,rosso
2020-11-23,Calabria,rosso
2020-11-24,Calabria,rosso
2020-11-25,Calabria,rosso
2020-11-26,Calabria,rosso
2020-11-27,Calabria,rosso
2020-11-28,Calabria,rosso
2020-11-29,Calabria,arancione
2020-11-30,Calabria,arancione
2020-12-01,Calabria,arancione
2020-12-02,Calabria,arancione
2020-12-03,Calabria,arancione
2020-12-04,Calabria,arancione
2020-12-05,Calabria,arancione
2020-12-06,Calabria,arancione
2020-12-07,Calabria,arancione
2020-12-08,Calabria,arancione
2020-12-09,Calabria,arancione
2020-12-10,Calabria,arancione
2020-12-11,Calabria,arancione
2020-12-12,Calabria,arancione
2020-12-13,Calabria,giallo
2020-12-14,Calabria,giallo
2020-12-15,Calabria,giallo
2020-12-16,Calabria,giallo
2020-12-17,Calabria,giallo
2020-12-18,Calabria,giallo
2020-12-19,Calabria,giallo
2020-12-20,Calabria,giallo
2020-12-21,Calabria,giallo
2020-12-22,Calabria,giallo
2020-12-23,Calabria,giallo
2020-12-24,Calabria,rosso
2020-12-25,Calabria,rosso
2020-12-26,Calabria,rosso
2020-12-27,Calabria,rosso
2020-12-28,Calabria,arancione
2020-12-29,Calabria,arancione
2020-12-30,Calabria,arancione
2020-12-31,Calabria,rosso
2021-01-01,Calabria,rosso
2021-01-02,Calabria,rosso
2021-01-03,Calabria,rosso
2021-01-04,Calabria,arancione
2021-01-05,Calabria,rosso
2021-01-06,Calabria,rosso
2021-01-07,Calabria,giallo
2021-01-08,Calabria,giallo
2021-01-09,Calabria,arancione
2021-01-10,Calabria,arancione
2021-01-11,Calabria,arancione
2021-01-12,Calabria,arancione
2021-01-13,Calabria,arancione
2021-01-14,Calabria,arancione
2021-01-15,Calabria,arancione
2021-01-16,Calabria,arancione
2021-01-17,Calabria,arancione
2021-01-18,Calabria,arancione
2021-01-19,Calabria,arancione
2021-01-20,Calabria,arancione
2021-01-21,Calabria,arancione
2021-01-22,Calabria,arancione
2021-01-23,Calabria,arancione
2021-01-24,Calabria,arancione
2021-01-25,Calabria,arancione
2021-01-26,Calabria,arancione
2021-01-27,Calabria,arancione
2021-01-28,Calabria,arancione
2021-01-29,Calabria,arancione
2021-01-30,Calabria,arancione
2021-01-31,Calabria,arancione
2021-02-01,Calabria,giallo
2021-02-02,Calabria,giallo
2021-02-03,Calabria,giallo
2021-02-04,Calabria,giallo
2021-02-05,Calabria,giallo
2021-02-06,Calabria,giallo
2021-02-07,Calabria,giallo
2021-02-08,Calabria,giallo
2020-11-06,Campania,giallo
2020-11-07,Campania,giallo
2020-11-08,Campania,giallo
2020-11-09,Campania,giallo
2020-11-10,Campania,giallo
2020-11-11,Campania,giallo
2020-11-12,Campania,giallo
2020-11-13,Campania,giallo
2020-11-14,Campania,giallo
2020-11-15,Campania,rosso
2020-11-16,Campania,rosso
2020-11-17,Campania,rosso
2020-11-18,Campania,rosso
2020-11-19,Campania,rosso
2020-11-20,Campania,rosso
2020-11-21,Campania,rosso
2020-11-22,Campania,rosso
2020-11-23,Campania,rosso
2020-11-24,Campania,rosso
2020-11-25,Campania,rosso
2020-11-26,Campania,rosso
2020-11-27,Campania,rosso
2020-11-28,Campania,rosso
2020-11-29,Campania,rosso
2020-11-30,Campania,rosso
2020-12-01,Campania,rosso
2020-12-02,Campania,rosso
2020-12-03,Campania,rosso
2020-12-04,Campania,rosso
2020-12-05,Campania,rosso
2020-12-06,Campania,arancione
2020-12-07,Campania,arancione
2020-12-08,Campania,arancione
2020-12-09,Campania,arancione
2020-12-10,Campania,arancione
2020-12-11,Campania,arancione
2020-12-12,Campania,arancione
2020-12-13,Campania,arancione
2020-12-14,Campania,arancione
2020-12-15,Campania,arancione
2020-12-16,Campania,arancione
2020-12-17,Campania,arancione
2020-12-18,Campania,arancione
2020-12-19,Campania,arancione
2020-12-20,Campania,arancione
2020-12-21,Campania,arancione
2020-12-22,Campania,arancione
2020-12-23,Campania,arancione
2020-12-24,Campania,rosso
2020-12-25,Campania,rosso
2020-12-26,Campania,rosso
2020-12-27,Campania,rosso
2020-12-28,Campania,arancione
2020-12-29,Campania,arancione
2020-12-30,Campania,arancione
2020-12-31,Campania,rosso
2021-01-01,Campania,rosso
2021-01-02,Campania,rosso
2021-01-03,Campania,rosso
2021-01-04,Campania,arancione
2021-01-05,Campania,rosso
2021-01-06,Campania,rosso
2021-01-07,Campania,giallo
2021-01-08,Campania,giallo
2021-01-09,Campania,arancione
2021-01-10,Campania,arancione
2021-01-11,Campania,giallo
2021-01-12,Campania,giallo
2021-01-13,Campania,giallo
2021-01-14,Campania,giallo
2021-01-15,Campania,giallo
2021-01-16,Campania,giallo
2021-01-17,Campania,giallo
2021-01-18,Campania,giallo
2021-01-19,Campania,giallo
2021-01-20,Campania,giallo
2021-01-21,Campania,giallo
2021-01-22,Campania,giallo
2021-01-23,Campania,giallo
2021-01-24,Campania,giallo
2021-01-25,Campania,giallo
2021-01-26,Campania,giallo
2021-01-27,Campania,giallo
2021-01-28,Campania,giallo
2021-01-29,Campania,giallo
2021-01-30,Campania,giallo
2021-01-31,Campania,giallo
2021-02-01,Campania,giallo
2021-02-02,Campania,giallo
2021-02-03,Campania,giallo
2021-02-04,Campania,giallo
2021-02-05,Campania,giallo
2021-02-06,Campania,giallo
2021-02-07,Campania,giallo
2021-02-08,Campania,giallo
2020-11-06,Emilia-Romagna,giallo
2020-11-07,Emilia-Romagna,giallo
2020-11-08,Emilia-Romagna,giallo
2020-11-09,Emilia-Romagna,giallo
2020-11-10,Emilia-Romagna,giallo
2020-11-11,Emilia-Romagna,giallo
2020-11-12,Emilia-Romagna,giallo
2020-11-13,Emilia-Romagna,giallo
2020-11-14,Emilia-Romagna,giallo
2020-11-15,Emilia-Romagna,arancione
2020-11-16,Emilia-Romagna,arancione
2020-11-17,Emilia-Romagna,arancione
2020-11-18,Emilia-Romagna,arancione
2020-11-19,Emilia-Romagna,arancione
2020-11-20,Emilia-Romagna,arancione
2020-11-21,Emilia-Romagna,arancione
2020-11-22,Emilia-Romagna,arancione
2020-11-23,Emilia-Romagna,arancione
2020-11-24,Emilia-Romagna,arancione
2020-11-25,Emilia-Romagna,arancione
2020-11-26,Emilia-Romagna,arancione
2020-11-27,Emilia-Romagna,arancione
2020-11-28,Emilia-Romagna,arancione
2020-11-29,Emilia-Romagna,arancione
2020-11-30,Emilia-Romagna,arancione
2020-12-01,Emilia-Romagna,arancione
2020-12-02,Emilia-Romagna,arancione
2020-12-03,Emilia-Romagna,arancione
2020-12-04,Emilia-Romagna,arancione
2020-12-05,Emilia-Romagna,arancione
2020-12-06,Emilia-Romagna,giallo
2020-12-07,Emilia-Romagna,giallo
2020-12-08,Emilia-Romagna,giallo
2020-12-09,Emilia-Romagna,giallo
2020-12-10,Emilia-Romagna,giallo
2020-12-11,Emilia-Romagna,giallo
2020-12-12,Emilia-Romagna,giallo
2020-12-13,Emilia-Romagna,giallo
2020-12-14,Emilia-Romagna,giallo
2020-12-15,Emilia-Romagna,giallo
2020-12-16,Emilia-Romagna,giallo
2020-12-17,Emilia-Romagna,giallo
2020-12-18,Emilia-Romagna,giallo
2020-12-19,Emilia-Romagna,giallo
2020-12-20,Emilia-Romagna,giallo
2020-12-21,Emilia-Romagna,giallo
2020-12-22,Emilia-Romagna,giallo
2020-12-23,Emilia-Romagna,giallo
2020-12-24,Emilia-Romagna,rosso
2020-12-25,Emilia-Romagna,rosso
2020-12-26,Emilia-Romagna,rosso
2020-12-27,Emilia-Romagna,rosso
2020-12-28,Emilia-Romagna,arancione
2020-12-29,Emilia-Romagna,arancione
2020-12-30,Emilia-Romagna,arancione
2020-12-31,Emilia-Romagna,rosso
2021-01-01,Emilia-Romagna,rosso
2021-01-02,Emilia-Romagna,rosso
2021-01-03,Emilia-Romagna,rosso
2021-01-04,Emilia-Romagna,arancione
2021-01-05,Emilia-Romagna,rosso
2021-01-06,Emilia-Romagna,rosso
2021-01-07,Emilia-Romagna,giallo
2021-01-08,Emilia-Romagna,giallo
2021-01-09,Emilia-Romagna,arancione
2021-01-10,Emilia-Romagna,arancione
2021-01-11,Emilia-Romagna,arancione
2021-01-12,Emilia-Romagna,arancione
2021-01-13,Emilia-Romagna,arancione
2021-01-14,Emilia-Romagna,arancione
2021-01-15,Emilia-Romagna,arancione
2021-01-16,Emilia-Romagna,arancione
2021-01-17,Emilia-Romagna,arancione
2021-01-18,Emilia-Romagna,arancione
2021-01-19,Emilia-Romagna,arancione
2021-01-20,Emilia-Romagna,arancione
2021-01-21,Emilia-Romagna,arancione
2021-01-22,Emilia-Romagna,arancione
2021-01-23,Emilia-Romagna,arancione
2021-01-24,Emilia-Romagna,arancione
2021-01-25,Emilia-Romagna,arancione
2021-01-26,Emilia-Romagna,arancione
2021-01-27,Emilia-Romagna,arancione
2021-01-28,Emilia-Romagna,arancione
2021-01-29,Emilia-Romagna,arancione
2021-01-30,Emilia-Romagna,arancione
2021-01-31,Emilia-Romagna,arancione
2021-02-01,Emilia-Romagna,giallo
2021-02-02,Emilia-Romagna,giallo
2021-02-03,Emilia-Romagna,giallo
2021-02-04,Emilia-Romagna,giallo
2021-02-05,Emilia-Romagna,giallo
2021-02-06,Emilia-Romagna,giallo
2021-02-07,Emilia-Romagna,giallo
2021-02-08,Emilia-Romagna,giallo
2020-11-06,Friuli Venezia Giulia,giallo
2020-11-07,Friuli Venezia Giulia,giallo
2020-11-08,Friuli Venezia Giulia,giallo
2020-11-09,Friuli Venezia Giulia,giallo
2020-11-10,Friuli Venezia Giulia,giallo
2020-11-11,Friuli Venezia Giulia,giallo
2020-11-12,Friuli Venezia Giulia,giallo
2020-11-13,Friuli Venezia Giulia,giallo
2020-11-14,Friuli Venezia Giulia,giallo
2020-11-15,Friuli Venezia Giulia,arancione
2020-11-16,Friuli Venezia Giulia,arancione
2020-11-17,Friuli Venezia Giulia,arancione
2020-11-18,Friuli Venezia Giulia,arancione
2020-11-19,Friuli Venezia Giulia,arancione
2020-11-20,Friuli Venezia Giulia,arancione
2020-11-21,Friuli Venezia Giulia,arancione
2020-11-22,Friuli Venezia Giulia,arancione
2020-11-23,Friuli Venezia Giulia,arancione
2020-11-24,Friuli Venezia Giulia,arancione
2020-11-25,Friuli Venezia Giulia,arancione
2020-11-26,Friuli Venezia Giulia,arancione
2020-11-27,Friuli Venezia Giulia,arancione
2020-11-28,Friuli Venezia Giulia,arancione
2020-11-29,Friuli Venezia Giulia,arancione
2020-11-30,Friuli Venezia Giulia,arancione
2020-12-01,Friuli Venezia Giulia,arancione
2020-12-02,Friuli Venezia Giulia,arancione
2020-12-03,Friuli Venezia Giulia,arancione
2020-12-04,Friuli Venezia Giulia,arancione
2020-12-05,Friuli Venezia Giulia,arancione
2020-12-06,Friuli Venezia Giulia,giallo
2020-12-07,Friuli Venezia Giulia,giallo
2020-12-08,Friuli Venezia Giulia,giallo
2020-12-09,Friuli Venezia Giulia,giallo
2020-12-10,Friuli Venezia Giulia,giallo
2020-12-11,Friuli Venezia Giulia,giallo
2020-12-12,Friuli Venezia Giulia,giallo
2020-12-13,Friuli Venezia Giulia,giallo
2020-12-14,Friuli Venezia Giulia,giallo
2020-12-15,Friuli Venezia Giulia,giallo
2020-12-16,Friuli Venezia Giulia,giallo
2020-12-17,Friuli Venezia Giulia,giallo
2020-12-18,Friuli Venezia Giulia,giallo
2020-12-19,Friuli Venezia Giulia,giallo
2020-12-20,Friuli Venezia Giulia,giallo
2020-12-21,Friuli Venezia Giulia,giallo
2020-12-22,Friuli Venezia Giulia,giallo
2020-12-23,Friuli Venezia Giulia,giallo
2020-12-24,Friuli Venezia Giulia,rosso
2020-12-25,Friuli Venezia Giulia,rosso
2020-12-26,Friuli Venezia Giulia,rosso
2020-12-27,Friuli Venezia Giulia,rosso
2020-12-28,Friuli Venezia Giulia,arancione
2020-12-29,Friuli Venezia Giulia,arancione
2020-12-30,Friuli Venezia Giulia,arancione
2020-12-31,Friuli Venezia Giulia,rosso
2021-01-01,Friuli Venezia Giulia,rosso
2021-01-02,Friuli Venezia Giulia,rosso
2021-01-03,Friuli Venezia Giulia,rosso
2021-01-04,Friuli Venezia Giulia,arancione
2021-01-05,Friuli Venezia Giulia,rosso
2021-01-06,Friuli Venezia Giulia,rosso
2021-01-07,Friuli Venezia Giulia,giallo
2021-01-08,Friuli Venezia Giulia,giallo
2021-01-09,Friuli Venezia Giulia,arancione
2021-01-10,Friuli Venezia Giulia,arancione
2021-01-11,Friuli Venezia Giulia,giallo
2021-01-12,Friuli Venezia Giulia,giallo
2021-01-13,Friuli Venezia Giulia,giallo
2021-01-14,Friuli Venezia Giulia,giallo
2021-01-15,Friuli Venezia Giulia,giallo
2021-01-16,Friuli Venezia Giulia,giallo
2021-01-17,Friuli Venezia Giulia,arancione
2021-01-18,Friuli Venezia Giulia,arancione
2021-01-19,Friuli Venezia Giulia,arancione
2021-01-20,Friuli Venezia Giulia,arancione
2021-01-21,Friuli Venezia Giulia,arancione
2021-01-22,Friuli Venezia Giulia,arancione
2021-01-23,Friuli Venezia Giulia,arancione
2021-01-24,Friuli Venezia Giulia,arancione
2021-01-25,Friuli Venezia Giulia,arancione
2021-01-26,Friuli Venezia Giulia,arancione
2021-01-27,Friuli Venezia Giulia,arancione
2021-01-28,Friuli Venezia Giulia,arancione
2021-01-29,Friuli Venezia Giulia,arancione
2021-01-30,Friuli Venezia Giulia,arancione
2021-01-31,Friuli Venezia Giulia,arancione
2021-02-01,Friuli Venezia Giulia,giallo
2021-02-02,Friuli Venezia Giulia,giallo
2021-02-03,Friuli Venezia Giulia,giallo
2021-02-04,Friuli Venezia Giulia,giallo
2021-02-05,Friuli Venezia Giulia,giallo
2021-02-06,Friuli Venezia Giulia,giallo
2021-02-07,Friuli Venezia Giulia,giallo
2021-02-08,Friuli Venezia Giulia,giallo
2020-11-06,Lazio,giallo
2020-11-07,Lazio,giallo
2020-11-08,Lazio,giallo
2020-11-09,Lazio,giallo
2020-11-10,Lazio,giallo
2020-11-11,Lazio,giallo
2020-11-12,Lazio,giallo
2020-11-13,Lazio,giallo
2020-11-14,Lazio,giallo
2020-11-15,Lazio,giallo
2020-11-16,Lazio,giallo
2020-11-17,Lazio,giallo
2020-11-18,Lazio,giallo
2020-11-19,Lazio,giallo
2020-11-20,Lazio,giallo
2020-11-21,Lazio,giallo
2020-11-22,Lazio,giallo
2020-11-23,Lazio,giallo
2020-11-24,Lazio,giallo
2020-11-25,Lazio,giallo
2020-11-26,Lazio,giallo
2020-11-27,Lazio,giallo
2020-11-28,Lazio,giallo
2020-11-29,Lazio,giallo
2020-11-30,Lazio,giallo
2020-12-01,Lazio,giallo
2020-12-02,Lazio,giallo
2020-12-03,Lazio,giallo
2020-12-04,Lazio,giallo
2020-12-05,Lazio,giallo
2020-12-06,Lazio,giallo
2020-12-07,Lazio,giallo
2020-12-08,Lazio,giallo
2020-12-09,Lazio,giallo
2020-12-10,Lazio,giallo
2020-12-11,Lazio,giallo
2020-12-12,Lazio,giallo
2020-12-13,Lazio,giallo
2020-12-14,Lazio,giallo
2020-12-15,Lazio,giallo
2020-12-16,Lazio,giallo
2020-12-17,Lazio,giallo
2020-12-18,Lazio,giallo
2020-12-19,Lazio,giallo
2020-12-20,Lazio,giallo
2020-12-21,Lazio,giallo
2020-12-22,Lazio,giallo
2020-12-23,Lazio,giallo
2020-12-24,Lazio,rosso
2020-12-25,Lazio,rosso
2020-12-26,Lazio,rosso
2020-12-27,Lazio,rosso
2020-12-28,Lazio,arancione
2020-12-29,Lazio,arancione
2020-12-30,Lazio,arancione
2020-12-31,Lazio,rosso
2021-01-01,Lazio,rosso
2021-01-02,Lazio,rosso
2021-01-03,Lazio,rosso
2021-01-04,Lazio,arancione
2021-01-05,Lazio,rosso
2021-01-06,Lazio,rosso
2021-01-07,Lazio,giallo
2021-01-08,Lazio,giallo
2021-01-09,Lazio,arancione
2021-01-10,Lazio,arancione
2021-01-11,Lazio,giallo
2021-01-12,Lazio,giallo
2021-01-13,Lazio,giallo
2021-01-14,Lazio,giallo
2021-01-15,Lazio,giallo
2021-01-16,Lazio,giallo
2021-01-17,Lazio,arancione
2021-01-18,Lazio,arancione
2021-01-19,Lazio,arancione
2021-01-20,Lazio,arancione
2021-01-21,Lazio,arancione
2021-01-22,Lazio,arancione
2021-01-23,Lazio,arancione
2021-01-24,Lazio,arancione
2021-01-25,Lazio,arancione
2021-01-26,Lazio,arancione
2021-01-27,Lazio,arancione
2021-01-28,Lazio,arancione
2021-01-29,Lazio,arancione
2021-01-30,Lazio,arancione
2021-01-31,Lazio,arancione
2021-02-01,Lazio,giallo
2021-02-02,Lazio,giallo
2021-02-03,Lazio,giallo
2021-02-04,Lazio,giallo
2021-02-05,Lazio,giallo
2021-02-06,Lazio,giallo
2021-02-07,Lazio,giallo
2021-02-08,Lazio,giallo
2020-11-06,Liguria,giallo
2020-11-07,Liguria,giallo
2020-11-08,Liguria,giallo
2020-11-09,Liguria,giallo
2020-11-10,Liguria,arancione
2020-11-11,Liguria,arancione
2020-11-12,Liguria,arancione
2020-11-13,Liguria,arancione
2020-11-14,Liguria,arancione
2020-11-15,Liguria,arancione
2020-11-16,Liguria,arancione
2020-11-17,Liguria,arancione
2020-11-18,Liguria,arancione
2020-11-19,Liguria,arancione
2020-11-20,Liguria,arancione
2020-11-21,Liguria,arancione
2020-11-22,Liguria,arancione
2020-11-23,Liguria,arancione
2020-11-24,Liguria,arancione
2020-11-25,Liguria,arancione
2020-11-26,Liguria,arancione
2020-11-27,Liguria,arancione
2020-11-28,Liguria,arancione
2020-11-29,Liguria,giallo
2020-11-30,Liguria,giallo
2020-12-01,Liguria,giallo
2020-12-02,Liguria,giallo
2020-12-03,Liguria,giallo
2020-12-04,Liguria,giallo
2020-12-05,Liguria,giallo
2020-12-06,Liguria,giallo
2020-12-07,Liguria,giallo
2020-12-08,Liguria,giallo
2020-12-09,Liguria,giallo
2020-12-10,Liguria,giallo
2020-12-11,Liguria,giallo
2020-12-12,Liguria,giallo
2020-12-13,Liguria,giallo
2020-12-14,Liguria,giallo
2020-12-15,Liguria,giallo
2020-12-16,Liguria,giallo
2020-12-17,Liguria,giallo
2020-12-18,Liguria,giallo
2020-12-19,Liguria,giallo
2020-12-20,Liguria,giallo
2020-12-21,Liguria,giallo
2020-12-22,Liguria,giallo
2020-12-23,Liguria,giallo
2020-12-24,Liguria,rosso
2020-12-25,Liguria,rosso
2020-12-26,Liguria,rosso
2020-12-27,Liguria,rosso
2020-12-28,Liguria,arancione
2020-12-29,Liguria,arancione
2020-12-30,Liguria,arancione
2020-12-31,Liguria,rosso
2021-01-01,Liguria,rosso
2021-01-02,Liguria,rosso
2021-01-03,Liguria,rosso
2021-01-04,Liguria,arancione
2021-01-05,Liguria,rosso
2021-01-06,Liguria,rosso
2021-01-07,Liguria,giallo
2021-01-08,Liguria,giallo
2021-01-09,Liguria,arancione
2021-01-10,Liguria,arancione
2021-01-11,Liguria,giallo
2021-01-12,Liguria,giallo
2021-01-13,Liguria,giallo
2021-01-14,Liguria,giallo
2021-01-15,Liguria,giallo
2021-01-16,Liguria,giallo
2021-01-17,Liguria,arancione
2021-01-18,Liguria,arancione
2021-01-19,Liguria,arancione
2021-01-20,Liguria,arancione
2021-01-21,Liguria,arancione
2021-01-22,Liguria,arancione
2021-01-23,Liguria,arancione
2021-01-24,Liguria,arancione
2021-01-25,Liguria,arancione
2021-01-26,Liguria,arancione
2021-01-27,Liguria,arancione
2021-01-28,Liguria,arancione
2021-01-29,Liguria,arancione
2021-01-30,Liguria,arancione
2021-01-31,Liguria,arancione
2021-02-01,Liguria,giallo
2021-02-02,Liguria,giallo
2021-02-03,Liguria,giallo
2021-02-04,Liguria,giallo
2021-02-05,Liguria,giallo
2021-02-06,Liguria,giallo
2021-02-07,Liguria,giallo
2021-02-08,Liguria,giallo
2020-11-06,Lombardia,giallo
2020-11-07,Lombardia,giallo
2020-11-08,Lombardia,giallo
2020-11-09,Lombardia,giallo
2020-11-10,Lombardia,giallo
2020-11-11,Lombardia,giallo
2020-11-12,Lombardia,giallo
2020-11-13,Lombardia,giallo
2020-11-14,Lombardia,giallo
2020-11-15,Lombardia,giallo
2020-11-16,Lombardia,giallo
2020-11-17,Lombardia,giallo
2020-11-18,Lombardia,giallo
2020-11-19,Lombardia,giallo
2020-11-20,Lombardia,rosso
2020-11-21,Lombardia,rosso
2020-11-22,Lombardia,rosso
2020-11-23,Lombardia,rosso
2020-11-24,Lombardia,rosso
2020-11-25,Lombardia,rosso
2020-11-26,Lombardia,rosso
2020-11-27,Lombardia,rosso
2020-11-28,Lombardia,rosso
2020-11-29,Lombardia,arancione
2020-11-30,Lombardia,arancione
2020-12-01,Lombardia,arancione
2020-12-02,Lombardia,arancione
2020-12-03,Lombardia,arancione
2020-12-04,Lombardia,arancione
2020-12-05,Lombardia,arancione
2020-12-06,Lombardia,arancione
2020-12-07,Lombardia,arancione
2020-12-08,Lombardia,arancione
2020-12-09,Lombardia,arancione
2020-12-10,Lombardia,arancione
2020-12-11,Lombardia,arancione
2020-12-12,Lombardia,arancione
2020-12-13,Lombardia,giallo
2020-12-14,Lombardia,giallo
2020-12-15,Lombardia,giallo
2020-12-16,Lombardia,giallo
2020-12-17,Lombardia,giallo
2020-12-18,Lombardia,giallo
2020-12-19,Lombardia,giallo
2020-12-20,Lombardia,giallo
2020-12-21,Lombardia,giallo
2020-12-22,Lombardia,giallo
2020-12-23,Lombardia,giallo
2020-12-24,Lombardia,rosso
2020-12-25,Lombardia,rosso
2020-12-26,Lombardia,rosso
2020-12-27,Lombardia,rosso
2020-12-28,Lombardia,arancione
2020-12-29,Lombardia,arancione
2020-12-30,Lombardia,arancione
2020-12-31,Lombardia,rosso
2021-01-01,Lombardia,rosso
2021-01-02,Lombardia,rosso
2021-01-03,Lombardia,rosso
2021-01-04,Lombardia,arancione
2021-01-05,Lombardia,rosso
2021-01-06,Lombardia,rosso
2021-01-07,Lombardia,giallo
2021-01-08,Lombardia,giallo
2021-01-09,Lombardia,arancione
2021-01-10,Lombardia,arancione
2021-01-11,Lombardia,arancione
2021-01-12,Lombardia,arancione
2021-01-13,Lombardia,arancione
2021-01-14,Lombardia,arancione
2021-01-15,Lombardia,arancione
2021-01-16,Lombardia,arancione
2021-01-17,Lombardia,rosso
2021-01-18,Lombardia,rosso
2021-01-19,Lombardia,rosso
2021-01-20,Lombardia,rosso
2021-01-21,Lombardia,rosso
2021-01-22,Lombardia,rosso
2021-01-23,Lombardia,rosso
2021-01-24,Lombardia,arancione
2021-01-25,Lombardia,arancione
2021-01-26,Lombardia,arancione
2021-01-27,Lombardia,arancione
2021-01-28,Lombardia,arancione
2021-01-29,Lombardia,arancione
2021-01-30,Lombardia,arancione
2021-01-31,Lombardia,arancione
2021-02-01,Lombardia,giallo
2021-02-02,Lombardia,giallo
2021-02-03,Lombardia,giallo
2021-02-04,Lombardia,giallo
2021-02-05,Lombardia,giallo
2021-02-06,Lombardia,giallo
2021-02-07,Lombardia,giallo
2021-02-08,Lombardia,giallo
2020-11-06,Marche,giallo
2020-11-07,Marche,giallo
2020-11-08,Marche,giallo
2020-11-09,Marche,giallo
2020-11-10,Marche,giallo
2020-11-11,Marche,giallo
2020-11-12,Marche,giallo
2020-11-13,Marche,giallo
2020-11-14,Marche,giallo
2020-11-15,Marche,arancione
2020-11-16,Marche,arancione
2020-11-17,Marche,arancione
2020-11-18,Marche,arancione
2020-11-19,Marche,arancione
2020-11-20,Marche,arancione
2020-11-21,Marche,arancione
2020-11-22,Marche,arancione
2020-11-23,Marche,arancione
2020-11-24,Marche,arancione
2020-11-25,Marche,arancione
2020-11-26,Marche,arancione
2020-11-27,Marche,arancione
2020-11-28,Marche,arancione
2020-11-29,Marche,arancione
2020-11-30,Marche,arancione
2020-12-01,Marche,arancione
2020-12-02,Marche,arancione
2020-12-03,Marche,arancione
2020-12-04,Marche,arancione
2020-12-05,Marche,arancione
2020-12-06,Marche,giallo
2020-12-07,Marche,giallo
2020-12-08,Marche,giallo
2020-12-09,Marche,giallo
2020-12-10,Marche,giallo
2020-12-11,Marche,giallo
2020-12-12,Marche,giallo
2020-12-13,Marche,giallo
2020-12-14,Marche,giallo
2020-12-15,Marche,giallo
2020-12-16,Marche,giallo
2020-12-17,Marche,giallo
2020-12-18,Marche,giallo
2020-12-19,Marche,giallo
2020-12-20,Marche,giallo
2020-12-21,Marche,giallo
2020-12-22,Marche,giallo
2020-12-23,Marche,giallo
2020-12-24,Marche,rosso
2020-12-25,Marche,rosso
2020-12-26,Marche,rosso
2020-12-27,Marche,rosso
2020-12-28,Marche,arancione
2020-12-29,Marche,arancione
2020-12-30,Marche,arancione
2020-12-31,Marche,rosso
2021-01-01,Marche,rosso
2021-01-02,Marche,rosso
2021-01-03,Marche,rosso
2021-01-04,Marche,arancione
2021-01-05,Marche,rosso
2021-01-06,Marche,rosso
2021-01-07,Marche,giallo
2021-01-08,Marche,giallo
2021-01-09,Marche,arancione
2021-01-10,Marche,arancione
2021-01-11,Marche,giallo
2021-01-12,Marche,giallo
2021-01-13,Marche,giallo
2021-01-14,Marche,giallo
2021-01-15,Marche,giallo
2021-01-16,Marche,giallo
2021-01-17,Marche,arancione
2021-01-18,Marche,arancione
2021-01-19,Marche,arancione
2021-01-20,Marche,arancione
2021-01-21,Marche,arancione
2021-01-22,Marche,arancione
2021-01-23,Marche,arancione
2021-01-24,Marche,arancione
2021-01-25,Marche,arancione
2021-01-26,Marche,arancione
2021-01-27,Marche,arancione
2021-01-28,Marche,arancione
2021-01-29,Marche,arancione
2021-01-30,Marche,arancione
2021-01-31,Marche,arancione
2021-02-01,Marche,giallo
2021-02-02,Marche,giallo
2021-02-03,Marche,giallo
2021-02-04,Marche,giallo
2021-02-05,Marche,giallo
2021-02-06,Marche,giallo
2021-02-07,Marche,giallo
2021-02-08,Marche,giallo
2020-11-06,Molise,giallo
2020-11-07,Molise,giallo
2020-11-08,Molise,giallo
2020-11-09,Molise,giallo
2020-11-10,Molise,giallo
2020-11-11,Molise,giallo
2020-11-12,Molise,giallo
2020-11-13,Molise,giallo
2020-11-14,Molise,giallo
2020-11-15,Molise,giallo
2020-11-16,Molise,giallo
2020-11-17,Molise,giallo
2020-11-18,Molise,giallo
2020-11-19,Molise,giallo
2020-11-20,Molise,giallo
2020-11-21,Molise,giallo
2020-11-22,Molise,giallo
2020-11-23,Molise,giallo
2020-11-24,Molise,giallo
2020-11-25,Molise,giallo
2020-11-26,Molise,giallo
2020-11-27,Molise,giallo
2020-11-28,Molise,giallo
2020-11-29,Molise,giallo
2020-11-30,Molise,giallo
2020-12-01,Molise,giallo
2020-12-02,Molise,giallo
2020-12-03,Molise,giallo
2020-12-04,Molise,giallo
2020-12-05,Molise,giallo
2020-12-06,Molise,giallo
2020-12-07,Molise,giallo
2020-12-08,Molise,giallo
2020-12-09,Molise,giallo
2020-12-10,Molise,giallo
2020-12-11,Molise,giallo
2020-12-12,Molise,giallo
2020-12-13,Molise,giallo
2020-12-14,Molise,giallo
2020-12-15,Molise,giallo
2020-12-16,Molise,giallo
2020-12-17,Molise,giallo
2020-12-18,Molise,giallo
2020-12-19,Molise,giallo
2020-12-20,Molise,giallo
2020-12-21,Molise,giallo
2020-12-22,Molise,giallo
2020-12-23,Molise,giallo
2020-12-24,Molise,rosso
2020-12-25,Molise,rosso
2020-12-26,Molise,rosso
2020-12-27,Molise,rosso
2020-12-28,Molise,arancione
2020-12-29,Molise,arancione
2020-12-30,Molise,arancione
2020-12-31,Molise,rosso
2021-01-01,Molise,rosso
2021-01-02,Molise,rosso
2021-01-03,Molise,rosso
2021-01-04,Molise,arancione
2021-01-05,Molise,rosso
2021-01-06,Molise,rosso
2021-01-07,Molise,giallo
2021-01-08,Molise,giallo
2021-01-09,Molise,arancione
2021-01-10,Molise,arancione
2021-01-11,Molise,giallo
2021-01-12,Molise,giallo
2021-01-13,Molise,giallo
2021-01-14,Molise,giallo
2021-01-15,Molise,giallo
2021-01-16,Molise,giallo
2021-01-17,Molise,giallo
2021-01-18,Molise,giallo
2021-01-19,Molise,giallo
2021-01-20,Molise,giallo
2021-01-21,Molise,giallo
2021-01-22,Molise,giallo
2021-01-23,Molise,giallo
2021-01-24,Molise,giallo
2021-01-25,Molise,giallo
2021-01-26,Molise,giallo
2021-01-27,Molise,giallo
2021-01-28,Molise,giallo
2021-01-29,Molise,giallo
2021-01-30,Molise,giallo
2021-01-31,Molise,giallo
2021-02-01,Molise,giallo
2021-02-02,Molise,giallo
2021-02-03,Molise,giallo
2021-02-04,Molise,giallo
2021-02-05,Molise,giallo
2021-02-06,Molise,giallo
2021-02-07,Molise,giallo
2021-02-08,Molise,giallo
2020-11-06,Piemonte,giallo
2020-11-07,Piemonte,giallo
2020-11-08,Piemonte,giallo
2020-11-09,Piemonte,giallo
2020-11-10,Piemonte,giallo
2020-11-11,Piemonte,giallo
2020-11-12,Piemonte,giallo
2020-11-13,Piemonte,giallo
2020-11-14,Piemonte,giallo
2020-11-15,Piemonte,giallo
2020-11-16,Piemonte,giallo
2020-11-17,Piemonte,giallo
2020-11-18,Piemonte,giallo
2020-11-19,Piemonte,giallo
2020-11-20,Piemonte,rosso
2020-11-21,Piemonte,rosso
2020-11-22,Piemonte,rosso
2020-11-23,Piemonte,rosso
2020-11-24,Piemonte,rosso
2020-11-25,Piemonte,rosso
2020-11-26,Piemonte,rosso
2020-11-27,Piemonte,rosso
2020-11-28,Piemonte,rosso
2020-11-29,Piemonte,arancione
2020-11-30,Piemonte,arancione
2020-12-01,Piemonte,arancione
2020-12-02,Piemonte,arancione
2020-12-03,Piemonte,arancione
2020-12-04,Piemonte,arancione
2020-12-05,Piemonte,arancione
2020-12-06,Piemonte,arancione
2020-12-07,Piemonte,arancione
2020-12-08,Piemonte,arancione
2020-12-09,Piemonte,arancione
2020-12-10,Piemonte,arancione
2020-12-11,Piemonte,arancione
2020-12-12,Piemonte,arancione
2020-12-13,Piemonte,giallo
2020-12-14,Piemonte,giallo
2020-12-15,Piemonte,giallo
2020-12-16,Piemonte,giallo
2020-12-17,Piemonte,giallo
2020-12-18,Piemonte,giallo
2020-12-19,Piemonte,giallo
2020-12-20,Piemonte,giallo
2020-12-21,Piemonte,giallo
2020-12-22,Piemonte,giallo
2020-12-23,Piemonte,giallo
2020-12-24,Piemonte,rosso
2020-12-25,Piemonte,rosso
2020-12-26,Piemonte,rosso
2020-12-27,Piemonte,rosso
2020-12-28,Piemonte,arancione
2020-12-29,Piemonte,arancione
2020-12-30,Piemonte,arancione
2020-12-31,Piemonte,rosso
2021-01-01,Piemonte,rosso
2021-01-02,Piemonte,rosso
2021-01-03,Piemonte,rosso
2021-01-04,Piemonte,arancione
2021-01-05,Piemonte,rosso
2021-01-06,Piemonte,rosso
2021-01-07,Piemonte,giallo
2021-01-08,Piemonte,giallo
2021-01-09,Piemonte,arancione
2021-01-10,Piemonte,arancione
2021-01-11,Piemonte,giallo
2021-01-12,Piemonte,giallo
2021-01-13,Piemonte,giallo
2021-01-14,Piemonte,giallo
2021-01-15,Piemonte,giallo
2021-01-16,Piemonte,giallo
2021-01-17,Piemonte,arancione
2021-01-18,Piemonte,arancione
2021-01-19,Piemonte,arancione
2021-01-20,Piemonte,arancione
2021-01-21,Piemonte,arancione
2021-01-22,Piemonte,arancione
2021-01-23,Piemonte,arancione
2021-01-24,Piemonte,arancione
2021-01-25,Piemonte,arancione
2021-01-26,Piemonte,arancione
2021-01-27,Piemonte,arancione
2021-01-28,Piemonte,arancione
2021-01-29,Piemonte,arancione
2021-01-30,Piemonte,arancione
2021-01-31,Piemonte,arancione
2021-02-01,Piemonte,giallo
2021-02-02,Piemonte,giallo
2021-02-03,Piemonte,giallo
2021-02-04,Piemonte,giallo
2021-02-05,Piemonte,giallo
2021-02-06,Piemonte,giallo
2021-02-07,Piemonte,giallo
2021-02-08,Piemonte,giallo
2020-11-06,Provincia autonoma Bolzano,giallo
2020-11-07,Provincia autonoma Bolzano,giallo
2020-11-08,Provincia autonoma Bolzano,giallo
2020-11-09,Provincia autonoma Bolzano,giallo
2020-11-10,Provincia autonoma Bolzano,rosso
2020-11-11,Provincia autonoma Bolzano,rosso
2020-11-12,Provincia autonoma Bolzano,rosso
2020-11-13,Provincia autonoma Bolzano,rosso
2020-11-14,Provincia autonoma Bolzano,rosso
2020-11-15,Provincia autonoma Bolzano,rosso
2020-11-16,Provincia autonoma Bolzano,rosso
2020-11-17,Provincia autonoma Bolzano,rosso
2020-11-18,Provincia autonoma Bolzano,rosso
2020-11-19,Provincia autonoma Bolzano,rosso
2020-11-20,Provincia autonoma Bolzano,rosso
2020-11-21,Provincia autonoma Bolzano,rosso
2020-11-22,Provincia autonoma Bolzano,rosso
2020-11-23,Provincia autonoma Bolzano,rosso
2020-11-24,Provincia autonoma Bolzano,rosso
2020-11-25,Provincia autonoma Bolzano,rosso
2020-11-26,Provincia autonoma Bolzano,rosso
2020-11-27,Provincia autonoma Bolzano,rosso
2020-11-28,Provincia autonoma Bolzano,rosso
2020-11-29,Provincia autonoma Bolzano,rosso
2020-11-30,Provincia autonoma Bolzano,rosso
2020-12-01,Provincia autonoma Bolzano,rosso
2020-12-02,Provincia autonoma Bolzano,rosso
2020-12-03,Provincia autonoma Bolzano,rosso
2020-12-04,Provincia autonoma Bolzano,rosso
2020-12-05,Provincia autonoma Bolzano,rosso
2020-12-06,Provincia autonoma Bolzano,arancione
2020-12-07,Provincia autonoma Bolzano,arancione
2020-12-08,Provincia autonoma Bolzano,arancione
2020-12-09,Provincia autonoma Bolzano,arancione
2020-12-10,Provincia autonoma Bolzano,arancione
2020-12-11,Provincia autonoma Bolzano,arancione
2020-12-12,Provincia autonoma Bolzano,arancione
2020-12-13,Provincia autonoma Bolzano,arancione
2020-12-14,Provincia autonoma Bolzano,arancione
2020-12-15,Provincia autonoma Bolzano,arancione
2020-12-16,Provincia autonoma Bolzano,arancione
2020-12-17,Provincia autonoma Bolzano,arancione
2020-12-18,Provincia autonoma Bolzano,arancione
2020-12-19,Provincia autonoma Bolzano,arancione
2020-12-20,Provincia autonoma Bolzano,arancione
2020-12-21,Provincia autonoma Bolzano,arancione
2020-12-22,Provincia autonoma Bolzano,arancione
2020-12-23,Provincia autonoma Bolzano,arancione
2020-12-24,Provincia autonoma Bolzano,rosso
2020-12-25,Provincia autonoma Bolzano,rosso
2020-12-26,Provincia autonoma Bolzano,rosso
2020-12-27,Provincia autonoma Bolzano,rosso
2020-12-28,Provincia autonoma Bolzano,arancione
2020-12-29,Provincia autonoma Bolzano,arancione
2020-12-30,Provincia autonoma Bolzano,arancione
2020-12-31,Provincia autonoma Bolzano,rosso
2021-01-01,Provincia autonoma Bolzano,rosso
2021-01-02,Provincia autonoma Bolzano,rosso
2021-01-03,Provincia autonoma Bolzano,rosso
2021-01-04,Provincia autonoma Bolzano,arancione
2021-01-05,Provincia autonoma Bolzano,rosso
2021-01-06,Provincia autonoma Bolzano,rosso
2021-01-07,Provincia autonoma Bolzano,giallo
2021-01-08,Provincia autonoma Bolzano,giallo
2021-01-09,Provincia autonoma Bolzano,arancione
2021-01-10,Provincia autonoma Bolzano,arancione
2021-01-11,Provincia autonoma Bolzano,giallo
2021-01-12,Provincia autonoma Bolzano,giallo
2021-01-13,Provincia autonoma Bolzano,giallo
2021-01-14,Provincia autonoma Bolzano,giallo
2021-01-15,Provincia autonoma Bolzano,giallo
2021-01-16,Provincia autonoma Bolzano,giallo
2021-01-17,Provincia autonoma Bolzano,rosso
2021-01-18,Provincia autonoma Bolzano,rosso
2021-01-19,Provincia autonoma Bolzano,rosso
2021-01-20,Provincia autonoma Bolzano,rosso
2021-01-21,Provincia autonoma Bolzano,rosso
2021-01-22,Provincia autonoma Bolzano,rosso
2021-01-23,Provincia autonoma Bolzano,rosso
2021-01-24,Provincia autonoma Bolzano,rosso
2021-01-25,Provincia autonoma Bolzano,rosso
2021-01-26,Provincia autonoma Bolzano,rosso
2021-01-27,Provincia autonoma Bolzano,rosso
2021-01-28,Provincia autonoma Bolzano,rosso
2021-01-29,Provincia autonoma Bolzano,rosso
2021-01-30,Provincia autonoma Bolzano,rosso
2021-01-31,Provincia autonoma Bolzano,rosso
2021-02-01,Provincia autonoma Bolzano,arancione
2021-02-02,Provincia autonoma Bolzano,arancione
2021-02-03,Provincia autonoma Bolzano,arancione
2021-02-04,Provincia autonoma Bolzano,arancione
2021-02-05,Provincia autonoma Bolzano,arancione
2021-02-06,Provincia autonoma Bolzano,arancione
2021-02-07,Provincia autonoma Bolzano,arancione
2021-02-08,Provincia autonoma Bolzano,arancione
2020-11-06,Provincia autonoma Trento,giallo
2020-11-07,Provincia autonoma Trento,giallo
2020-11-08,Provincia autonoma Trento,giallo
2020-11-09,Provincia autonoma Trento,giallo
2020-11-10,Provincia autonoma Trento,giallo
2020-11-11,Provincia autonoma Trento,giallo
2020-11-12,Provincia autonoma Trento,giallo
2020-11-13,Provincia autonoma Trento,giallo
2020-11-14,Provincia autonoma Trento,giallo
2020-11-15,Provincia autonoma Trento,giallo
2020-11-16,Provincia autonoma Trento,giallo
2020-11-17,Provincia autonoma Trento,giallo
2020-11-18,Provincia autonoma Trento,giallo
2020-11-19,Provincia autonoma Trento,giallo
2020-11-20,Provincia autonoma Trento,giallo
2020-11-21,Provincia autonoma Trento,giallo
2020-11-22,Provincia autonoma Trento,giallo
2020-11-23,Provincia autonoma Trento,giallo
2020-11-24,Provincia autonoma Trento,giallo
2020-11-25,Provincia autonoma Trento,giallo
2020-11-26,Provincia autonoma Trento,giallo
2020-11-27,Provincia autonoma Trento,giallo
2020-11-28,Provincia autonoma Trento,giallo
2020-11-29,Provincia autonoma Trento,giallo
2020-11-30,Provincia autonoma Trento,giallo
2020-12-01,Provincia autonoma Trento,giallo
2020-12-02,Provincia autonoma Trento,giallo
2020-12-03,Provincia autonoma Trento,giallo
2020-12-04,Provincia autonoma Trento,giallo
2020-12-05,Provincia autonoma Trento,giallo
2020-12-06,Provincia autonoma Trento,giallo
2020-12-07,Provincia autonoma Trento,giallo
2020-12-08,Provincia autonoma Trento,giallo
2020-12-09,Provincia autonoma Trento,giallo
2020-12-10,Provincia autonoma Trento,giallo
2020-12-11,Provincia autonoma Trento,giallo
2020-12-12,Provincia autonoma Trento,giallo
2020-12-13,Provincia autonoma Trento,giallo
2020-12-14,Provincia autonoma Trento,giallo
2020-12-15,Provincia autonoma Trento,giallo
2020-12-16,Provincia autonoma Trento,giallo
2020-12-17,Provincia autonoma Trento,giallo
2020-12-18,Provincia autonoma Trento,giallo
2020-12-19,Provincia autonoma Trento,giallo
2020-12-20,Provincia autonoma Trento,giallo
2020-12-21,Provincia autonoma Trento,giallo
2020-12-22,Provincia autonoma Trento,giallo
2020-12-23,Provincia autonoma Trento,giallo
2020-12-24,Provincia autonoma Trento,rosso
2020-12-25,Provincia autonoma Trento,rosso
2020-12-26,Provincia autonoma Trento,rosso
2020-12-27,Provincia autonoma Trento,rosso
2020-12-28,Provincia autonoma Trento,arancione
2020-12-29,Provincia autonoma Trento,arancione
2020-12-30,Provincia autonoma Trento,arancione
2020-12-31,Provincia autonoma Trento,rosso
2021-01-01,Provincia autonoma Trento,rosso
2021-01-02,Provincia autonoma Trento,rosso
2021-01-03,Provincia autonoma Trento,rosso
2021-01-04,Provincia autonoma Trento,arancione
2021-01-05,Provincia autonoma Trento,rosso
2021-01-06,Provincia autonoma Trento,rosso
2021-01-07,Provincia autonoma Trento,giallo
2021-01-08,Provincia autonoma Trento,giallo
2021-01-09,Provincia autonoma Trento,arancione
2021-01-10,Provincia autonoma Trento,arancione
2021-01-11,Provincia autonoma Trento,giallo
2021-01-12,Provincia autonoma Trento,giallo
2021-01-13,Provincia autonoma Trento,giallo
2021-01-14,Provincia autonoma Trento,giallo
2021-01-15,Provincia autonoma Trento,giallo
2021-01-16,Provincia autonoma Trento,giallo
2021-01-17,Provincia autonoma Trento,giallo
2021-01-18,Provincia autonoma Trento,giallo
2021-01-19,Provincia autonoma Trento,giallo
2021-01-20,Provincia autonoma Trento,giallo
2021-01-21,Provincia autonoma Trento,giallo
2021-01-22,Provincia autonoma Trento,giallo
2021-01-23,Provincia autonoma Trento,giallo
2021-01-24,Provincia autonoma Trento,giallo
2021-01-25,Provincia autonoma Trento,giallo
2021-01-26,Provincia autonoma Trento,giallo
2021-01-27,Provincia autonoma Trento,giallo
2021-01-28,Provincia autonoma Trento,giallo
2021-01-29,Provincia autonoma Trento,giallo
2021-01-30,Provincia autonoma Trento,giallo
2021-01-31,Provincia autonoma Trento,giallo
2021-02-01,Provincia autonoma Trento,giallo
2021-02-02,Provincia autonoma Trento,giallo
2021-02-03,Provincia autonoma Trento,giallo
2021-02-04,Provincia autonoma Trento,giallo
2021-02-05,Provincia autonoma Trento,giallo
2021-02-06,Provincia autonoma Trento,giallo
2021-02-07,Provincia autonoma Trento,giallo
2021-02-08,Provincia autonoma Trento,giallo
2020-11-06,Puglia,giallo
2020-11-07,Puglia,giallo
2020-11-08,Puglia,giallo
2020-11-09,Puglia,giallo
2020-11-10,Puglia,giallo
2020-11-11,Puglia,giallo
2020-11-12,Puglia,giallo
2020-11-13,Puglia,giallo
2020-11-14,Puglia,giallo
2020-11-15,Puglia,giallo
2020-11-16,Puglia,giallo
2020-11-17,Puglia,giallo
2020-11-18,Puglia,giallo
2020-11-19,Puglia,giallo
2020-11-20,Puglia,arancione
2020-11-21,Puglia,arancione
2020-11-22,Puglia,arancione
2020-11-23,Puglia,arancione
2020-11-24,Puglia,arancione
2020-11-25,Puglia,arancione
2020-11-26,Puglia,arancione
2020-11-27,Puglia,arancione
2020-11-28,Puglia,arancione
2020-11-29,Puglia,arancione
2020-11-30,Puglia,arancione
2020-12-01,Puglia,arancione
2020-12-02,Puglia,arancione
2020-12-03,Puglia,arancione
2020-12-04,Puglia,arancione
2020-12-05,Puglia,arancione
2020-12-06,Puglia,giallo
2020-12-07,Puglia,giallo
2020-12-08,Puglia,giallo
2020-12-09,Puglia,giallo
2020-12-10,Puglia,giallo
2020-12-11,Puglia,giallo
2020-12-12,Puglia,giallo
2020-12-13,Puglia,giallo
2020-12-14,Puglia,giallo
2020-12-15,Puglia,giallo
2020-12-16,Puglia,giallo
2020-12-17,Puglia,giallo
2020-12-18,Puglia,giallo
2020-12-19,Puglia,giallo
2020-12-20,Puglia,giallo
2020-12-21,Puglia,giallo
2020-12-22,Puglia,giallo
2020-12-23,Puglia,giallo
2020-12-24,Puglia,rosso
2020-12-25,Puglia,rosso
2020-12-26,Puglia,rosso
2020-12-27,Puglia,rosso
2020-12-28,Puglia,arancione
2020-12-29,Puglia,arancione
2020-12-30,Puglia,arancione
2020-12-31,Puglia,rosso
2021-01-01,Puglia,rosso
2021-01-02,Puglia,rosso
2021-01-03,Puglia,rosso
2021-01-04,Puglia,arancione
2021-01-05,Puglia,rosso
2021-01-06,Puglia,rosso
2021-01-07,Puglia,giallo
2021-01-08,Puglia,giallo
2021-01-09,Puglia,arancione
2021-01-10,Puglia,arancione
2021-01-11,Puglia,giallo
2021-01-12,Puglia,giallo
2021-01-13,Puglia,giallo
2021-01-14,Puglia,giallo
2021-01-15,Puglia,giallo
2021-01-16,Puglia,giallo
2021-01-17,Puglia,arancione
2021-01-18,Puglia,arancione
2021-01-19,Puglia,arancione
2021-01-20,Puglia,arancione
2021-01-21,Puglia,arancione
2021-01-22,Puglia,arancione
2021-01-23,Puglia,arancione
2021-01-24,Puglia,arancione
2021-01-25,Puglia,arancione
2021-01-26,Puglia,arancione
2021-01-27,Puglia,arancione
2021-01-28,Puglia,arancione
2021-01-29,Puglia,arancione
2021-01-30,Puglia,arancione
2021-01-31,Puglia,arancione
2021-02-01,Puglia,arancione
2021-02-02,Puglia,arancione
2021-02-03,Puglia,arancione
2021-02-04,Puglia,arancione
2021-02-05,Puglia,arancione
2021-02-06,Puglia,arancione
2021-02-07,Puglia,arancione
2021-02-08,Puglia,arancione
2020-11-06,Sardegna,giallo
2020-11-07,Sardegna,giallo
2020-11-08,Sardegna,giallo
2020-11-09,Sardegna,giallo
2020-11-10,Sardegna,giallo
2020-11-11,Sardegna,giallo
2020-11-12,Sardegna,giallo
2020-11-13,Sardegna,giallo
2020-11-14,Sardegna,giallo
2020-11-15,Sardegna,giallo
2020-11-16,Sardegna,giallo
2020-11-17,Sardegna,giallo
2020-11-18,Sardegna,giallo
2020-11-19,Sardegna,giallo
2020-11-20,Sardegna,giallo
2020-11-21,Sardegna,giallo
2020-11-22,Sardegna,giallo
2020-11-23,Sardegna,giallo
2020-11-24,Sardegna,giallo
2020-11-25,Sardegna,giallo
2020-11-26,Sardegna,giallo
2020-11-27,Sardegna,giallo
2020-11-28,Sardegna,giallo
2020-11-29,Sardegna,giallo
2020-11-30,Sardegna,giallo
2020-12-01,Sardegna,giallo
2020-12-02,Sardegna,giallo
2020-12-03,Sardegna,giallo
2020-12-04,Sardegna,giallo
2020-12-05,Sardegna,giallo
2020-12-06,Sardegna,giallo
2020-12-07,Sardegna,giallo
2020-12-08,Sardegna,giallo
2020-12-09,Sardegna,giallo
2020-12-10,Sardegna,giallo
2020-12-11,Sardegna,giallo
2020-12-12,Sardegna,giallo
2020-12-13,Sardegna,giallo
2020-12-14,Sardegna,giallo
2020-12-15,Sardegna,giallo
2020-12-16,Sardegna,giallo
2020-12-17,Sardegna,giallo
2020-12-18,Sardegna,giallo
2020-12-19,Sardegna,giallo
2020-12-20,Sardegna,giallo
2020-12-21,Sardegna,giallo
2020-12-22,Sardegna,giallo
2020-12-23,Sardegna,giallo
2020-12-24,Sardegna,rosso
2020-12-25,Sardegna,rosso
2020-12-26,Sardegna,rosso
2020-12-27,Sardegna,rosso
2020-12-28,Sardegna,arancione
2020-12-29,Sardegna,arancione
2020-12-30,Sardegna,arancione
2020-12-31,Sardegna,rosso
2021-01-01,Sardegna,rosso
2021-01-02,Sardegna,rosso
2021-01-03,Sardegna,rosso
2021-01-04,Sardegna,arancione
2021-01-05,Sardegna,rosso
2021-01-06,Sardegna,rosso
2021-01-07,Sardegna,giallo
2021-01-08,Sardegna,giallo
2021-01-09,Sardegna,arancione
2021-01-10,Sardegna,arancione
2021-01-11,Sardegna,giallo
2021-01-12,Sardegna,giallo
2021-01-13,Sardegna,giallo
2021-01-14,Sardegna,giallo
2021-01-15,Sardegna,giallo
2021-01-16,Sardegna,giallo
2021-01-17,Sardegna,giallo
2021-01-18,Sardegna,giallo
2021-01-19,Sardegna,giallo
2021-01-20,Sardegna,giallo
2021-01-21,Sardegna,giallo
2021-01-22,Sardegna,giallo
2021-01-23,Sardegna,giallo
2021-01-24,Sardegna,arancione
2021-01-25,Sardegna,arancione
2021-01-26,Sardegna,arancione
2021-01-27,Sardegna,arancione
2021-01-28,Sardegna,arancione
2021-01-29,Sardegna,arancione
2021-01-30,Sardegna,arancione
2021-01-31,Sardegna,arancione
2021-02-01,Sardegna,arancione
2021-02-02,Sardegna,arancione
2021-02-03,Sardegna,arancione
2021-02-04,Sardegna,arancione
2021-02-05,Sardegna,arancione
2021-02-06,Sardegna,arancione
2021-02-07,Sardegna,arancione
2021-02-08,Sardegna,arancione
2020-11-06,Sicilia,giallo
2020-11-07,Sicilia,giallo
2020-11-08,Sicilia,giallo
2020-11-09,Sicilia,giallo
2020-11-10,Sicilia,giallo
2020-11-11,Sicilia,giallo
2020-11-12,Sicilia,giallo
2020-11-13,Sicilia,giallo
2020-11-14,Sicilia,giallo
2020-11-15,Sicilia,giallo
2020-11-16,Sicilia,giallo
2020-11-17,Sicilia,giallo
2020-11-18,Sicilia,giallo
2020-11-19,Sicilia,giallo
2020-11-20,Sicilia,arancione
2020-11-21,Sicilia,arancione
2020-11-22,Sicilia,arancione
2020-11-23,Sicilia,arancione
2020-11-24,Sicilia,arancione
2020-11-25,Sicilia,arancione
2020-11-26,Sicilia,arancione
2020-11-27,Sicilia,arancione
2020-11-28,Sicilia,arancione
2020-11-29,Sicilia,giallo
2020-11-30,Sicilia,giallo
2020-12-01,Sicilia,giallo
2020-12-02,Sicilia,giallo
2020-12-03,Sicilia,giallo
2020-12-04,Sicilia,giallo
2020-12-05,Sicilia,giallo
2020-12-06,Sicilia,giallo
2020-12-07,Sicilia,giallo
2020-12-08,Sicilia,giallo
2020-12-09,Sicilia,giallo
2020-12-10,Sicilia,giallo
2020-12-11,Sicilia,giallo
2020-12-12,Sicilia,giallo
2020-12-13,Sicilia,giallo
2020-12-14,Sicilia,giallo
2020-12-15,Sicilia,giallo
2020-12-16,Sicilia,giallo
2020-12-17,Sicilia,giallo
2020-12-18,Sicilia,giallo
2020-12-19,Sicilia,giallo
2020-12-20,Sicilia,giallo
2020-12-21,Sicilia,giallo
2020-12-22,Sicilia,giallo
2020-12-23,Sicilia,giallo
2020-12-24,Sicilia,rosso
2020-12-25,Sicilia,rosso
2020-12-26,Sicilia,rosso
2020-12-27,Sicilia,rosso
2020-12-28,Sicilia,arancione
2020-12-29,Sicilia,arancione
2020-12-30,Sicilia,arancione
2020-12-31,Sicilia,rosso
2021-01-01,Sicilia,rosso
2021-01-02,Sicilia,rosso
2021-01-03,Sicilia,rosso
2021-01-04,Sicilia,arancione
2021-01-05,Sicilia,rosso
2021-01-06,Sicilia,rosso
2021-01-07,Sicilia,giallo
2021-01-08,Sicilia,giallo
2021-01-09,Sicilia,arancione
2021-01-10,Sicilia,arancione
2021-01-11,Sicilia,arancione
2021-01-12,Sicilia,arancione
2021-01-13,Sicilia,arancione
2021-01-14,Sicilia,arancione
2021-01-15,Sicilia,arancione
2021-01-16,Sicilia,arancione
2021-01-17,Sicilia,rosso
2021-01-18,Sicilia,rosso
2021-01-19,Sicilia,rosso
2021-01-20,Sicilia,rosso
2021-01-21,Sicilia,rosso
2021-01-22,Sicilia,rosso
2021-01-23,Sicilia,rosso
2021-01-24,Sicilia,rosso
2021-01-25,Sicilia,rosso
2021-01-26,Sicilia,rosso
2021-01-27,Sicilia,rosso
2021-01-28,Sicilia,rosso
2021-01-29,Sicilia,rosso
2021-01-30,Sicilia,rosso
2021-01-31,Sicilia,rosso
2021-02-01,Sicilia,arancione
2021-02-02,Sicilia,arancione
2021-02-03,Sicilia,arancione
2021-02-04,Sicilia,arancione
2021-02-05,Sicilia,arancione
2021-02-06,Sicilia,arancione
2021-02-07,Sicilia,arancione
2021-02-08,Sicilia,arancione
2020-11-06,Toscana,giallo
2020-11-07,Toscana,giallo
2020-11-08,Toscana,giallo
2020-11-09,Toscana,giallo
2020-11-10,Toscana,arancione
2020-11-11,Toscana,arancione
2020-11-12,Toscana,arancione
2020-11-13,Toscana,arancione
2020-11-14,Toscana,arancione
2020-11-15,Toscana,rosso
2020-11-16,Toscana,rosso
2020-11-17,Toscana,rosso
2020-11-18,Toscana,rosso
2020-11-19,Toscana,rosso
2020-11-20,Toscana,rosso
2020-11-21,Toscana,rosso
2020-11-22,Toscana,rosso
2020-11-23,Toscana,rosso
2020-11-24,Toscana,rosso
2020-11-25,Toscana,rosso
2020-11-26,Toscana,rosso
2020-11-27,Toscana,rosso
2020-11-28,Toscana,rosso
2020-11-29,Toscana,rosso
2020-11-30,Toscana,rosso
2020-12-01,Toscana,rosso
2020-12-02,Toscana,rosso
2020-12-03,Toscana,rosso
2020-12-04,Toscana,rosso
2020-12-05,Toscana,rosso
2020-12-06,Toscana,arancione
2020-12-07,Toscana,arancione
2020-12-08,Toscana,arancione
2020-12-09,Toscana,arancione
2020-12-10,Toscana,arancione
2020-12-11,Toscana,arancione
2020-12-12,Toscana,arancione
2020-12-13,Toscana,arancione
2020-12-14,Toscana,arancione
2020-12-15,Toscana,arancione
2020-12-16,Toscana,arancione
2020-12-17,Toscana,arancione
2020-12-18,Toscana,arancione
2020-12-19,Toscana,arancione
2020-12-20,Toscana,arancione
2020-12-21,Toscana,arancione
2020-12-22,Toscana,arancione
2020-12-23,Toscana,arancione
2020-12-24,Toscana,rosso
2020-12-25,Toscana,rosso
2020-12-26,Toscana,rosso
2020-12-27,Toscana,rosso
2020-12-28,Toscana,arancione
2020-12-29,Toscana,arancione
2020-12-30,Toscana,arancione
2020-12-31,Toscana,rosso
2021-01-01,Toscana,rosso
2021-01-02,Toscana,rosso
2021-01-03,Toscana,rosso
2021-01-04,Toscana,arancione
2021-01-05,Toscana,rosso
2021-01-06,Toscana,rosso
2021-01-07,Toscana,giallo
2021-01-08,Toscana,giallo
2021-01-09,Toscana,arancione
2021-01-10,Toscana,arancione
2021-01-11,Toscana,giallo
2021-01-12,Toscana,giallo
2021-01-13,Toscana,giallo
2021-01-14,Toscana,giallo
2021-01-15,Toscana,giallo
2021-01-16,Toscana,giallo
2021-01-17,Toscana,giallo
2021-01-18,Toscana,giallo
2021-01-19,Toscana,giallo
2021-01-20,Toscana,giallo
2021-01-21,Toscana,giallo
2021-01-22,Toscana,giallo
2021-01-23,Toscana,giallo
2021-01-24,Toscana,giallo
2021-01-25,Toscana,giallo
2021-01-26,Toscana,giallo
2021-01-27,Toscana,giallo
2021-01-28,Toscana,giallo
2021-01-29,Toscana,giallo
2021-01-30,Toscana,giallo
2021-01-31,Toscana,giallo
2021-02-01,Toscana,giallo
2021-02-02,Toscana,giallo
2021-02-03,Toscana,giallo
2021-02-04,Toscana,giallo
2021-02-05,Toscana,giallo
2021-02-06,Toscana,giallo
2021-02-07,Toscana,giallo
2021-02-08,Toscana,giallo
2020-11-06,Umbria,giallo
2020-11-07,Umbria,giallo
2020-11-08,Umbria,giallo
2020-11-09,Umbria,giallo
2020-11-10,Umbria,arancione
2020-11-11,Umbria,arancione
2020-11-12,Umbria,arancione
2020-11-13,Umbria,arancione
2020-11-14,Umbria,arancione
2020-11-15,Umbria,arancione
2020-11-16,Umbria,arancione
2020-11-17,Umbria,arancione
2020-11-18,Umbria,arancione
2020-11-19,Umbria,arancione
2020-11-20,Umbria,arancione
2020-11-21,Umbria,arancione
2020-11-22,Umbria,arancione
2020-11-23,Umbria,arancione
2020-11-24,Umbria,arancione
2020-11-25,Umbria,arancione
2020-11-26,Umbria,arancione
2020-11-27,Umbria,arancione
2020-11-28,Umbria,arancione
2020-11-29,Umbria,arancione
2020-11-30,Umbria,arancione
2020-12-01,Umbria,arancione
2020-12-02,Umbria,arancione
2020-12-03,Umbria,arancione
2020-12-04,Umbria,arancione
2020-12-05,Umbria,arancione
2020-12-06,Umbria,giallo
2020-12-07,Umbria,giallo
2020-12-08,Umbria,giallo
2020-12-09,Umbria,giallo
2020-12-10,Umbria,giallo
2020-12-11,Umbria,giallo
2020-12-12,Umbria,giallo
2020-12-13,Umbria,giallo
2020-12-14,Umbria,giallo
2020-12-15,Umbria,giallo
2020-12-16,Umbria,giallo
2020-12-17,Umbria,giallo
2020-12-18,Umbria,giallo
2020-12-19,Umbria,giallo
2020-12-20,Umbria,giallo
2020-12-21,Umbria,giallo
2020-12-22,Umbria,giallo
2020-12-23,Umbria,giallo
2020-12-24,Umbria,rosso
2020-12-25,Umbria,rosso
2020-12-26,Umbria,rosso
2020-12-27,Umbria,rosso
2020-12-28,Umbria,arancione
2020-12-29,Umbria,arancione
2020-12-30,Umbria,arancione
2020-12-31,Umbria,rosso
2021-01-01,Umbria,rosso
2021-01-02,Umbria,rosso
2021-01-03,Umbria,rosso
2021-01-04,Umbria,arancione
2021-01-05,Umbria,rosso
2021-01-06,Umbria,rosso
2021-01-07,Umbria,giallo
2021-01-08,Umbria,giallo
2021-01-09,Umbria,arancione
2021-01-10,Umbria,arancione
2021-01-11,Umbria,giallo
2021-01-12,Umbria,giallo
2021-01-13,Umbria,giallo
2021-01-14,Umbria,giallo
2021-01-15,Umbria,giallo
2021-01-16,Umbria,giallo
2021-01-17,Umbria,arancione
2021-01-18,Umbria,arancione
2021-01-19,Umbria,arancione
2021-01-20,Umbria,arancione
2021-01-21,Umbria,arancione
2021-01-22,Umbria,arancione
2021-01-23,Umbria,arancione
2021-01-24,Umbria,arancione
2021-01-25,Umbria,arancione
2021-01-26,Umbria,arancione
2021-01-27,Umbria,arancione
2021-01-28,Umbria,arancione
2021-01-29,Umbria,arancione
2021-01-30,Umbria,arancione
2021-01-31,Umbria,arancione
2021-02-01,Umbria,arancione
2021-02-02,Umbria,arancione
2021-02-03,Umbria,arancione
2021-02-04,Umbria,arancione
2021-02-05,Umbria,arancione
2021-02-06,Umbria,arancione
2021-02-07,Umbria,arancione
2021-02-08,Umbria,arancione
2020-11-06,Valle d'Aosta,giallo
2020-11-07,Valle d'Aosta,giallo
2020-11-08,Valle d'Aosta,giallo
2020-11-09,Valle d'Aosta,giallo
2020-11-10,Valle d'Aosta,giallo
2020-11-11,Valle d'Aosta,giallo
2020-11-12,Valle d'Aosta,giallo
2020-11-13,Valle d'Aosta,giallo
2020-11-14,Valle d'Aosta,giallo
2020-11-15,Valle d'Aosta,giallo
2020-11-16,Valle d'Aosta,giallo
2020-11-17,Valle d'Aosta,giallo
2020-11-18,Valle d'Aosta,giallo
2020-11-19,Valle d'Aosta,giallo
2020-11-20,Valle d'Aosta,rosso
2020-11-21,Valle d'Aosta,rosso
2020-11-22,Valle d'Aosta,rosso
2020-11-23,Valle d'Aosta,rosso
2020-11-24,Valle d'Aosta,rosso
2020-11-25,Valle d'Aosta,rosso
2020-11-26,Valle d'Aosta,rosso
2020-11-27,Valle d'Aosta,rosso
2020-11-28,Valle d'Aosta,rosso
2020-11-29,Valle d'Aosta,rosso
2020-11-30,Valle d'Aosta,rosso
2020-12-01,Valle d'Aosta,rosso
2020-12-02,Valle d'Aosta,rosso
2020-12-03,Valle d'Aosta,rosso
2020-12-04,Valle d'Aosta,rosso
2020-12-05,Valle d'Aosta,rosso
2020-12-06,Valle d'Aosta,arancione
2020-12-07,Valle d'Aosta,arancione
2020-12-08,Valle d'Aosta,arancione
2020-12-09,Valle d'Aosta,arancione
2020-12-10,Valle d'Aosta,arancione
2020-12-11,Valle d'Aosta,arancione
2020-12-12,Valle d'Aosta,arancione
2020-12-13,Valle d'Aosta,arancione
2020-12-14,Valle d'Aosta,arancione
2020-12-15,Valle d'Aosta,arancione
2020-12-16,Valle d'Aosta,arancione
2020-12-17,Valle d'Aosta,arancione
2020-12-18,Valle d'Aosta,arancione
2020-12-19,Valle d'Aosta,arancione
2020-12-20,Valle d'Aosta,arancione
2020-12-21,Valle d'Aosta,arancione
2020-12-22,Valle d'Aosta,arancione
2020-12-23,Valle d'Aosta,arancione
2020-12-24,Valle d'Aosta,rosso
2020-12-25,Valle d'Aosta,rosso
2020-12-26,Valle d'Aosta,rosso
2020-12-27,Valle d'Aosta,rosso
2020-12-28,Valle d'Aosta,arancione
2020-12-29,Valle d'Aosta,arancione
2020-12-30,Valle d'Aosta,arancione
2020-12-31,Valle d'Aosta,rosso
2021-01-01,Valle d'Aosta,rosso
2021-01-02,Valle d'Aosta,rosso
2021-01-03,Valle d'Aosta,rosso
2021-01-04,Valle d'Aosta,arancione
2021-01-05,Valle d'Aosta,rosso
2021-01-06,Valle d'Aosta,rosso
2021-01-07,Valle d'Aosta,giallo
2021-01-08,Valle d'Aosta,giallo
2021-01-09,Valle d'Aosta,arancione
2021-01-10,Valle d'Aosta,arancione
2021-01-11,Valle d'Aosta,giallo
2021-01-12,Valle d'Aosta,giallo
2021-01-13,Valle d'Aosta,giallo
2021-01-14,Valle d'Aosta,giallo
2021-01-15,Valle d'Aosta,giallo
2021-01-16,Valle d'Aosta,giallo
2021-01-17,Valle d'Aosta,arancione
2021-01-18,Valle d'Aosta,arancione
2021-01-19,Valle d'Aosta,arancione
2021-01-20,Valle d'Aosta,arancione
2021-01-21,Valle d'Aosta,arancione
2021-01-22,Valle d'Aosta,arancione
2021-01-23,Valle d'Aosta,arancione
2021-01-24,Valle d'Aosta,arancione
2021-01-25,Valle d'Aosta,arancione
2021-01-26,Valle d'Aosta,arancione
2021-01-27,Valle d'Aosta,arancione
2021-01-28,Valle d'Aosta,arancione
2021-01-29,Valle d'Aosta,arancione
2021-01-30,Valle d'Aosta,arancione
2021-01-31,Valle d'Aosta,arancione
2021-02-01,Valle d'Aosta,giallo
2021-02-02,Valle d'Aosta,giallo
2021-02-03,Valle d'Aosta,giallo
2021-02-04,Valle d'Aosta,giallo
2021-02-05,Valle d'Aosta,giallo
2021-02-06,Valle d'Aosta,giallo
2021-02-07,Valle d'Aosta,giallo
2021-02-08,Valle d'Aosta,giallo
2020-11-06,Veneto,giallo
2020-11-07,Veneto,giallo
2020-11-08,Veneto,giallo
2020-11-09,Veneto,giallo
2020-11-10,Veneto,giallo
2020-11-11,Veneto,giallo
2020-11-12,Veneto,giallo
2020-11-13,Veneto,giallo
2020-11-14,Veneto,giallo
2020-11-15,Veneto,giallo
2020-11-16,Veneto,giallo
2020-11-17,Veneto,giallo
2020-11-18,Veneto,giallo
2020-11-19,Veneto,giallo
2020-11-20,Veneto,giallo
2020-11-21,Veneto,giallo
2020-11-22,Veneto,giallo
2020-11-23,Veneto,giallo
2020-11-24,Veneto,giallo
2020-11-25,Veneto,giallo
2020-11-26,Veneto,giallo
2020-11-27,Veneto,giallo
2020-11-28,Veneto,giallo
2020-11-29,Veneto,giallo
2020-11-30,Veneto,giallo
2020-12-01,Veneto,giallo
2020-12-02,Veneto,giallo
2020-12-03,Veneto,giallo
2020-12-04,Veneto,giallo
2020-12-05,Veneto,giallo
2020-12-06,Veneto,giallo
2020-12-07,Veneto,giallo
2020-12-08,Veneto,giallo
2020-12-09,Veneto,giallo
2020-12-10,Veneto,giallo
2020-12-11,Veneto,giallo
2020-12-12,Veneto,giallo
2020-12-13,Veneto,giallo
2020-12-14,Veneto,giallo
2020-12-15,Veneto,giallo
2020-12-16,Veneto,giallo
2020-12-17,Veneto,giallo
2020-12-18,Veneto,giallo
2020-12-19,Veneto,giallo
2020-12-20,Veneto,giallo
2020-12-21,Veneto,giallo
2020-12-22,Veneto,giallo
2020-12-23,Veneto,giallo
2020-12-24,Veneto,rosso
2020-12-25,Veneto,rosso
2020-12-26,Veneto,rosso
2020-12-27,Veneto,rosso
2020-12-28,Veneto,arancione
2020-12-29,Veneto,arancione
2020-12-30,Veneto,arancione
2020-12-31,Veneto,rosso
2021-01-01,Veneto,rosso
2021-01-02,Veneto,rosso
2021-01-03,Veneto,rosso
2021-01-04,Veneto,arancione
2021-01-05,Veneto,rosso
2021-01-06,Veneto,rosso
2021-01-07,Veneto,giallo
2021-01-08,Veneto,giallo
2021-01-09,Veneto,arancione
2021-01-10,Veneto,arancione
2021-01-11,Veneto,arancione
2021-01-12,Veneto,arancione
2021-01-13,Veneto,arancione
2021-01-14,Veneto,arancione
2021-01-15,Veneto,arancione
2021-01-16,Veneto,arancione
2021-01-17,Veneto,arancione
2021-01-18,Veneto,arancione
2021-01-19,Veneto,arancione
2021-01-20,Veneto,arancione
2021-01-21,Veneto,arancione
2021-01-22,Veneto,arancione
2021-01-23,Veneto,arancione
2021-01-24,Veneto,arancione
2021-01-25,Veneto,arancione
2021-01-26,Veneto,arancione
2021-01-27,Veneto,arancione
2021-01-28,Veneto,arancione
2021-01-29,Veneto,arancione
2021-01-30,Veneto,arancione
2021-01-31,Veneto,arancione
2021-02-01,Veneto,giallo
2021-02-02,Veneto,giallo
2021-02-03,Veneto,giallo
2021-02-04,Veneto,giallo
2021-02-05,Veneto,giallo
2021-02-06,Veneto,giallo
2021-02-07,Veneto,giallo
2021-02-08,Veneto,giallo
